paid,conflict_id,dyad_name,conflict_name,peace_date
1565,333,"Government of Afghanistan - Mahaz-i Milli-yi Islami-yi Afghanistan , Government of Afghanistan - Hizb-i Islami-yi Afghanistan, Government of Afghanistan - Hizb-i Islami-yi Afghanistan - Khalis faction, Government of Afghanistan - Harakat-i Inqilab-i Islami-yi Afghanistan , Government of Afghanistan - Ittihad-i Islami Bara-yi Azadi-yi Afghanistan , Government of Afghanistan - Hizb-i Wahdat",Afghanistan: Government,1992-04-24
1128,333,"Government of Afghanistan - Hizb-i Islami-yi Afghanistan, Government of Afghanistan - Hizb-i Wahdat",Afghanistan: Government,1993-03-07
1132,333,Government of Afghanistan - Hizb-i Islami-yi Afghanistan,Afghanistan: Government,1993-05-20
1131,333,Government of Afghanistan - Hizb-i Islami-yi Afghanistan,Afghanistan: Government,1996-05-24
1488,333,Government of Afghanistan - Hizb-i Islami-yi Afghanistan,Afghanistan: Government,2016-09-22
1353,387,Government of Angola - FLEC-R,Angola: Cabinda,2006-08-01
1021,327,Government of Angola - UNITA,Angola: Government,1989-06-22
1022,327,Government of Angola - UNITA,Angola: Government,1991-05-31
1023,327,Government of Angola - UNITA,Angola: Government,1994-11-20
1126,327,Government of Angola - UNITA,Angola: Government,2002-04-04
1057,322,Government of Bangladesh - JSS/SB,Bangladesh: Chittagong Hill Tracts,1997-12-02
1564,398,Government of Bosnia-Herzegovina - Croatian Republic of Bosnia-Herzegovina,Bosnia-Herzegovina: Croat,1993-05-18
1072,398,Government of Bosnia-Herzegovina - Croatian Republic of Bosnia-Herzegovina,Bosnia-Herzegovina: Croat,1994-03-01
1566,398,Government of Bosnia-Herzegovina - Croatian Republic of Bosnia-Herzegovina,Bosnia-Herzegovina: Croat,1994-03-18
1567,389,Government of Bosnia-Herzegovina - Serbian Republic of Bosnia-Herzegovina,Bosnia-Herzegovina: Serb,1994-12-20
1568,389,Government of Bosnia-Herzegovina - Serbian Republic of Bosnia-Herzegovina,Bosnia-Herzegovina: Serb,1995-09-08
1569,389,Government of Bosnia-Herzegovina - Serbian Republic of Bosnia-Herzegovina,Bosnia-Herzegovina: Serb,1995-09-08
1073,389,"Government of Bosnia-Herzegovina - Serbian irregulars, Government of Bosnia-Herzegovina - Serbian Republic of Bosnia-Herzegovina",Bosnia-Herzegovina: Serb,1995-12-14
1570,"389, 398","Government of Bosnia-Herzegovina - Serbian Republic of Bosnia-Herzegovina, Government of Bosnia-Herzegovina - Croatian Republic of Bosnia-Herzegovina","Bosnia-Herzegovina: Serb, Bosnia-Herzegovina: Croat",1993-05-02
1533,287,"Government of Burundi - CNDD, Government of Burundi - Frolina, Government of Burundi - Palipehutu",Burundi: Government,1998-06-21
1003,287,"Government of Burundi - Palipehutu, Government of Burundi - CNDD, Government of Burundi - Frolina",Burundi: Government,2000-08-28
1065,287,Government of Burundi - CNDD-FDD ,Burundi: Government,2002-12-02
1287,287,Government of Burundi - CNDD-FDD ,Burundi: Government,2003-10-08
1285,287,Government of Burundi - CNDD-FDD ,Burundi: Government,2003-11-02
1489,287,Government of Burundi - CNDD-FDD ,Burundi: Government,2003-11-02
1099,287,Government of Burundi - CNDD-FDD ,Burundi: Government,2003-11-16
1532,287,Government of Burundi - Frolina,Burundi: Government,2004-08-06
1335,287,Government of Burundi - Palipehutu-FNL,Burundi: Government,2006-06-18
1336,287,Government of Burundi - Palipehutu-FNL,Burundi: Government,2006-09-07
1490,287,Government of Burundi - Palipehutu-FNL,Burundi: Government,2008-05-26
1491,287,Government of Burundi - Palipehutu-FNL,Burundi: Government,2008-06-10
1386,287,Government of Burundi - Palipehutu-FNL,Burundi: Government,2008-12-04
1113,300,"Government of Cambodia (Kampuchea) - FUNCINPEC, Government of Cambodia (Kampuchea) - KPNLF, Government of Cambodia (Kampuchea) - KR",Cambodia (Kampuchea): Government,1991-10-23
1571,300,Government of Cambodia (Kampuchea) - FUNCINPEC,Cambodia (Kampuchea): Government,1991-11-20
1333,405,Government of Cameroon - Government of Nigeria,Cameroon - Nigeria,2006-06-12
1355,416,Government of Central African Republic - Seleka,Central African Republic: Government,2007-04-01
1373,416,Government of Central African Republic - Seleka,Central African Republic: Government,2008-06-21
1433,416,Government of Central African Republic - CPJP,Central African Republic: Government,2011-06-12
1493,416,"Government of Central African Republic - Seleka, Government of Central African Republic - CPJP",Central African Republic: Government,2011-10-08
1454,416,Government of Central African Republic - CPJP,Central African Republic: Government,2012-08-25
1469,416,Government of Central African Republic - Seleka,Central African Republic: Government,2013-01-11
1494,416,Government of Central African Republic - Seleka,Central African Republic: Government,2013-01-11
1495,416,Government of Central African Republic - Seleka,Central African Republic: Government,2013-01-11
1497,416,Government of Central African Republic - anti-Balaka,Central African Republic: Government,2015-05-10
1486,416,Government of Central African Republic - anti-Balaka,Central African Republic: Government,2015-05-11
1498,"416, 15283","Government of Central African Republic - anti-Balaka, Government of Central African Republic - FPRC","Central African Republic: Government, Central African Republic: Logone",2017-06-19
1641,"416, 15283","Government of Central African Republic - UPC, Government of Central African Republic - anti-Balaka, Government of Central African Republic - FPRC","Central African Republic: Government, Central African Republic: Logone",2019-02-06
1420,361,Government of Chad - Government of Libya,Chad - Libya,1989-08-31
1421,361,Government of Chad - Government of Libya,Chad - Libya,1994-04-04
1405,349,Government of Chad - Government of Nigeria,Chad - Nigeria,1983-07-11
1427,288,Government of Chad - FAN,Chad: Government,1978-01-22
1426,288,Government of Chad - FAN,Chad: Government,1978-08-25
1428,288,"Government of Chad - FAN, Government of Chad - FAP",Chad: Government,1979-03-15
1042,288,Government of Chad - FNT,Chad: Government,1992-10-31
1043,288,Government of Chad - CNR,Chad: Government,1993-10-16
1044,288,Government of Chad - CSNPD,Chad: Government,1994-08-11
1116,288,Government of Chad - FNT,Chad: Government,1994-10-12
1117,288,Government of Chad - MDD,Chad: Government,1995-11-22
1045,288,Government of Chad - FNT,Chad: Government,1997-10-03
1046,288,Government of Chad - FARF,Chad: Government,1998-05-07
1118,288,Government of Chad - MDD,Chad: Government,1999-07-03
1049,288,Government of Chad - MDJT,Chad: Government,2002-01-07
1274,288,Government of Chad - MDJT,Chad: Government,2005-08-18
1338,288,Government of Chad - FUCD,Chad: Government,2006-12-24
1499,288,Government of Chad - UFDD,Chad: Government,2007-10-25
1501,289,"Government of Colombia - EPL, Government of Colombia - M-19",Colombia: Government,1984-08-24
1502,289,Government of Colombia - M-19,Colombia: Government,1990-03-09
1572,289,Government of Colombia - EPL,Colombia: Government,1990-08-26
1573,289,Government of Colombia - EPL,Colombia: Government,1990-09-24
1574,289,Government of Colombia - EPL,Colombia: Government,1990-09-28
1575,289,Government of Colombia - EPL,Colombia: Government,1991-01-29
1079,289,Government of Colombia - EPL,Colombia: Government,1991-02-15
1503,289,"Government of Colombia - FARC, Government of Colombia - ELN, Government of Colombia - EPL",Colombia: Government,1991-06-06
1505,289,Government of Colombia - ELN,Colombia: Government,1998-02-09
1329,289,Government of Colombia - FARC,Colombia: Government,1999-05-06
1578,289,Government of Colombia - FARC,Colombia: Government,2000-01-28
1122,289,Government of Colombia - FARC,Colombia: Government,2001-02-09
1328,289,Government of Colombia - FARC,Colombia: Government,2001-10-05
1120,289,Government of Colombia - FARC,Colombia: Government,2002-01-20
1447,289,Government of Colombia - FARC,Colombia: Government,2012-08-26
1579,289,Government of Colombia - FARC,Colombia: Government,2013-05-26
1506,289,Government of Colombia - FARC,Colombia: Government,2013-11-06
1507,289,Government of Colombia - FARC,Colombia: Government,2014-06-06
1580,289,Government of Colombia - FARC,Colombia: Government,2015-09-23
1581,289,Government of Colombia - FARC,Colombia: Government,2015-12-15
1508,289,Government of Colombia - FARC,Colombia: Government,2016-06-23
1487,289,Government of Colombia - FARC,Colombia: Government,2016-11-24
1576,407,Government of Comoros - MPA/Republic of Anjouan,Comoros: Anjouan,1997-12-13
1024,407,Government of Comoros - MPA/Republic of Anjouan,Comoros: Anjouan,2000-08-26
1025,407,Government of Comoros - MPA/Republic of Anjouan,Comoros: Anjouan,2001-02-17
1127,407,Government of Comoros - MPA/Republic of Anjouan,Comoros: Anjouan,2003-12-20
1614,408,"Government of Congo - Ninjas, Government of Congo - Cocoyes, Government of Congo - Ntsiloulous",Congo: Government,1999-11-16
1026,408,"Government of Congo - Ninjas, Government of Congo - Cocoyes, Government of Congo - Ntsiloulous",Congo: Government,1999-12-29
1582,408,Government of Congo - Ntsiloulous,Congo: Government,2003-03-17
1074,390,"Government of Croatia - Serbian irregulars, Government of Croatia - Serbian Republic of Krajina",Croatia: Serb,1995-11-12
1432,435,Government of Djibouti - Government of Eritrea,Djibouti - Eritrea,2010-06-06
1009,379,Government of Djibouti - FRUD,Djibouti: Government,1994-12-26
1010,379,Government of Djibouti - FRUD-C,Djibouti: Government,2000-02-07
1146,379,Government of Djibouti - FRUD-C,Djibouti: Government,2001-05-12
1004,283,"Government of DR Congo (Zaire) - RCD, Government of DR Congo (Zaire) - MLC",DR Congo (Zaire): Government,1999-08-31
1288,283,"Government of DR Congo (Zaire) - RCD, Government of DR Congo (Zaire) - MLC",DR Congo (Zaire): Government,2001-05-04
1291,283,Government of DR Congo (Zaire) - MLC,DR Congo (Zaire): Government,2002-04-19
1005,283,"Government of DR Congo (Zaire) - RCD, Government of DR Congo (Zaire) - MLC",DR Congo (Zaire): Government,2002-12-17
1289,283,"Government of DR Congo (Zaire) - RCD, Government of DR Congo (Zaire) - MLC",DR Congo (Zaire): Government,2003-04-01
1290,283,"Government of DR Congo (Zaire) - RCD, Government of DR Congo (Zaire) - MLC",DR Congo (Zaire): Government,2003-04-02
1384,283,Government of DR Congo (Zaire) - CNDP,DR Congo (Zaire): Government,2009-03-23
1468,283,Government of DR Congo (Zaire) - M23,DR Congo (Zaire): Government,2013-01-16
1125,403,Government of Ecuador - Government of Peru,Ecuador - Peru,1998-10-26
1583,403,Government of Ecuador - Government of Peru,Ecuador - Peru,1998-10-26
1102,316,Government of El Salvador - FMLN,El Salvador: Government,1990-04-04
1103,316,Government of El Salvador - FMLN,El Salvador: Government,1990-05-21
1104,316,Government of El Salvador - FMLN,El Salvador: Government,1990-07-26
1105,316,Government of El Salvador - FMLN,El Salvador: Government,1991-04-27
1106,316,Government of El Salvador - FMLN,El Salvador: Government,1991-09-25
1107,316,Government of El Salvador - FMLN,El Salvador: Government,1991-09-25
1108,316,Government of El Salvador - FMLN,El Salvador: Government,1991-12-31
1109,316,Government of El Salvador - FMLN,El Salvador: Government,1992-01-16
1110,316,Government of El Salvador - FMLN,El Salvador: Government,1992-01-16
1591,316,Government of El Salvador - FMLN,El Salvador: Government,1992-12-22
1593,316,Government of El Salvador - FMLN,El Salvador: Government,1993-02-05
1592,316,Government of El Salvador - FMLN,El Salvador: Government,1994-05-19
1594,316,Government of El Salvador - FMLN,El Salvador: Government,1994-10-04
1511,409,Government of Eritrea - Government of Ethiopia,Eritrea - Ethiopia,2000-06-18
1008,409,Government of Eritrea - Government of Ethiopia,Eritrea - Ethiopia,2000-12-12
1620,409,Government of Eritrea - Government of Ethiopia,Eritrea - Ethiopia,2018-07-09
1619,409,Government of Eritrea - Government of Ethiopia,Eritrea - Ethiopia,2018-09-16
1621,329,Government of Ethiopia - ONLF,Ethiopia: Ogaden,2018-10-21
1596,392,Government of Georgia - Republic of Abkhazia,Georgia: Abkhazia,1992-09-03
1597,392,Government of Georgia - Republic of Abkhazia,Georgia: Abkhazia,1993-12-01
1598,392,Government of Georgia - Republic of Abkhazia,Georgia: Abkhazia,1994-01-13
1130,392,Government of Georgia - Republic of Abkhazia,Georgia: Abkhazia,1994-04-04
1082,233,Government of Guatemala - URNG,Guatemala: Government,1990-03-30
1083,233,Government of Guatemala - URNG,Guatemala: Government,1991-04-26
1084,233,Government of Guatemala - URNG,Guatemala: Government,1991-07-25
1085,233,Government of Guatemala - URNG,Guatemala: Government,1994-01-10
1086,233,Government of Guatemala - URNG,Guatemala: Government,1994-03-29
1087,233,Government of Guatemala - URNG,Guatemala: Government,1994-03-29
1088,233,Government of Guatemala - URNG,Guatemala: Government,1994-06-17
1089,233,Government of Guatemala - URNG,Guatemala: Government,1994-06-23
1090,233,Government of Guatemala - URNG,Guatemala: Government,1995-03-31
1091,233,Government of Guatemala - URNG,Guatemala: Government,1996-05-06
1092,233,Government of Guatemala - URNG,Guatemala: Government,1996-09-19
1093,233,Government of Guatemala - URNG,Guatemala: Government,1996-12-04
1094,233,Government of Guatemala - URNG,Guatemala: Government,1996-12-07
1095,233,Government of Guatemala - URNG,Guatemala: Government,1996-12-12
1081,233,Government of Guatemala - URNG,Guatemala: Government,1996-12-29
1097,233,Government of Guatemala - URNG,Guatemala: Government,1996-12-29
1019,410,"Government of Guinea-Bissau - Military Junta for the Consolidation of Democracy, Peace and Justice",Guinea-Bissau: Government,1998-11-01
1599,410,"Government of Guinea-Bissau - Military Junta for the Consolidation of Democracy, Peace and Justice",Guinea-Bissau: Government,1998-12-15
1066,381,Government of Haiti - Military faction (forces of Raol Cédras) ,Haiti: Government,1993-07-03
1512,218,Government of India - Government of Pakistan,India - Pakistan,1999-02-21
1513,218,Government of India - Government of Pakistan,India - Pakistan,1999-02-21
1071,421,Government of India - ABSU,India: Bodoland,1993-02-20
1659,421,"Government of India - NDFB, Government of India - NDFB - RD, Government of India - ABSU",India: Bodoland,2020-01-27
1514,251,Government of India - NSCN-IM,India: Nagaland,2015-08-03
1423,335,Government of India - TNV,India: Tripura,1988-08-12
1121,335,Government of India - ATTF,India: Tripura,1993-08-23
1600,366,Government of Indonesia - GAM,Indonesia: Aceh,2002-02-03
1111,366,Government of Indonesia - GAM,Indonesia: Aceh,2002-12-09
1276,366,Government of Indonesia - GAM,Indonesia: Aceh,2005-08-15
1406,324,Government of Iran - Government of Iraq,Iran - Iraq,1975-03-06
1407,324,Government of Iran - Government of Iraq,Iran - Iraq,1975-03-17
1408,324,Government of Iran - Government of Iraq,Iran - Iraq,1975-04-20
1409,324,Government of Iran - Government of Iraq,Iran - Iraq,1975-05-20
1410,324,Government of Iran - Government of Iraq,Iran - Iraq,1975-06-13
1411,324,Government of Iran - Government of Iraq,Iran - Iraq,1975-12-21
1412,324,Government of Iran - Government of Iraq,Iran - Iraq,1975-12-26
1413,324,Government of Iran - Government of Iraq,Iran - Iraq,1975-12-26
1414,324,Government of Iran - Government of Iraq,Iran - Iraq,1975-12-26
1415,324,Government of Iran - Government of Iraq,Iran - Iraq,1975-12-26
1416,324,Government of Iran - Government of Iraq,Iran - Iraq,1975-12-26
1417,324,Government of Iran - Government of Iraq,Iran - Iraq,1975-12-26
1133,234,Government of Israel - Fatah,Israel: Palestine,1993-09-13
1134,234,Government of Israel - Fatah,Israel: Palestine,1994-05-04
1135,234,Government of Israel - Fatah,Israel: Palestine,1994-08-29
1515,234,Government of Israel - Fatah,Israel: Palestine,1995-08-27
1136,234,Government of Israel - Fatah,Israel: Palestine,1995-09-28
1137,234,Government of Israel - Fatah,Israel: Palestine,1997-01-15
1138,234,"Government of Israel - Fatah, Government of Israel - PNA",Israel: Palestine,1998-10-23
1140,234,"Government of Israel - Fatah, Government of Israel - PNA",Israel: Palestine,1999-09-04
1354,234,Government of Israel - Fatah,Israel: Palestine,2007-11-27
1139,419,"Government of Ivory Coast - MPCI, Government of Ivory Coast - MPIGO, Government of Ivory Coast - MJP",Ivory Coast: Government,2003-01-25
1292,419,"Government of Ivory Coast - MPCI, Government of Ivory Coast - MPIGO, Government of Ivory Coast - MJP",Ivory Coast: Government,2003-03-07
1283,419,Government of Ivory Coast - FRCI,Ivory Coast: Government,2004-07-30
1273,419,Government of Ivory Coast - FRCI,Ivory Coast: Government,2005-04-06
1608,419,Government of Ivory Coast - FRCI,Ivory Coast: Government,2005-06-29
1359,419,Government of Ivory Coast - FRCI,Ivory Coast: Government,2007-03-04
1360,419,Government of Ivory Coast - FRCI,Ivory Coast: Government,2007-03-27
1361,419,Government of Ivory Coast - FRCI,Ivory Coast: Government,2007-11-28
1362,419,Government of Ivory Coast - FRCI,Ivory Coast: Government,2007-11-28
1376,419,Government of Ivory Coast - FRCI,Ivory Coast: Government,2008-12-22
1656,13324,Government of Kyrgyzstan - Government of Tajikistan,Kyrgyzstan - Tajikistan,2021-05-02
1640,260,Government of Lebanon - Lebanese Forces,Lebanon: Government,1990-04-28
1301,341,Government of Liberia - INPFL,Liberia: Government,1990-10-24
1075,341,"Government of Liberia - INPFL, Government of Liberia - NPFL",Liberia: Government,1990-11-28
1100,341,"Government of Liberia - INPFL, Government of Liberia - NPFL",Liberia: Government,1990-12-21
1014,341,"Government of Liberia - INPFL, Government of Liberia - NPFL",Liberia: Government,1991-02-13
1062,341,"Government of Liberia - INPFL, Government of Liberia - NPFL",Liberia: Government,1991-10-30
1300,341,Government of Liberia - NPFL,Liberia: Government,1992-04-07
1015,341,Government of Liberia - NPFL,Liberia: Government,1993-07-25
1016,341,Government of Liberia - NPFL,Liberia: Government,1994-09-12
1299,341,Government of Liberia - NPFL,Liberia: Government,1994-12-21
1017,341,Government of Liberia - NPFL,Liberia: Government,1995-08-19
1018,341,Government of Liberia - NPFL,Liberia: Government,1996-08-17
1141,341,"Government of Liberia - MODEL, Government of Liberia - LURD",Liberia: Government,2003-06-17
1101,341,"Government of Liberia - MODEL, Government of Liberia - LURD",Liberia: Government,2003-08-18
1098,417,Government of North Macedonia - UCK,"Macedonia, FYR: Government",2001-08-13
1039,372,Government of Mali - MPA,Mali: Azawad,1991-01-06
1041,372,Government of Mali - MPA,Mali: Azawad,1991-12-18
1040,372,Government of Mali - MPA,Mali: Azawad,1992-04-11
1609,372,Government of Mali - CMA,Mali: Azawad,2013-06-18
1517,372,Government of Mali - CMA,Mali: Azawad,2015-06-05
30,372,Government of Mali - CMA,Mali: Azawad,2015-06-20
1403,428,Government of Mauritania - POLISARIO,Mauritania: Sahrawi Arab Democratic Republic (Western Sahara),1979-08-10
1610,400,Government of Mexico - EZLN,Mexico: Government,1995-09-11
1070,400,Government of Mexico - EZLN,Mexico: Government,1996-02-16
1615,400,Government of Mexico - EZLN,Mexico: Government,1996-02-16
1616,400,Government of Mexico - EZLN,Mexico: Government,1996-02-16
1617,400,Government of Mexico - EZLN,Mexico: Government,1996-02-16
1618,400,Government of Mexico - EZLN,Mexico: Government,1996-02-16
1123,394,Government of Moldova - PMR,Moldova: Dniestr,1997-05-08
1391,332,Government of Mozambique - Renamo,Mozambique: Government,1984-10-03
1308,332,Government of Mozambique - Renamo,Mozambique: Government,1991-05-28
1302,332,Government of Mozambique - Renamo,Mozambique: Government,1991-10-18
1303,332,Government of Mozambique - Renamo,Mozambique: Government,1991-11-13
1306,332,Government of Mozambique - Renamo,Mozambique: Government,1992-03-12
1307,332,Government of Mozambique - Renamo,Mozambique: Government,1992-08-07
1020,332,Government of Mozambique - Renamo,Mozambique: Government,1992-10-04
1639,332,Government of Mozambique - Renamo,Mozambique: Government,2019-08-06
1613,221,Government of Myanmar (Burma) - DKBA 5,Myanmar (Burma): Karen,2011-12-11
1485,"221, 222, 264","Government of Myanmar (Burma) - DKBA 5, Government of Myanmar (Burma) - ABSDF, Government of Myanmar (Burma) - KNU, Government of Myanmar (Burma) - RCSS","Myanmar (Burma): Karen, Myanmar (Burma): Government, Myanmar (Burma): Shan",2015-10-15
1611,"221, 264","Government of Myanmar (Burma) - KNU, Government of Myanmar (Burma) - DKBA 5, Government of Myanmar (Burma) - RCSS","Myanmar (Burma): Karen, Myanmar (Burma): Shan",2015-02-12
1658,"221, 264, 222","Government of Myanmar (Burma) - KNU, Government of Myanmar (Burma) - RCSS, Government of Myanmar (Burma) - CNF, Government of Myanmar (Burma) - ABSDF","Myanmar (Burma): Karen, Myanmar (Burma): Shan, Myanmar (Burma): Government",2020-08-21
1624,224,Government of Myanmar (Burma) - NMSP,Myanmar (Burma): Mon,2018-02-13
1518,422,Government of Myanmar (Burma) - UWSA,Myanmar (Burma): Wa,2012-12-26
1438,269,Government of Nepal - CPN-M,Nepal: Government,2006-05-25
1437,269,Government of Nepal - CPN-M,Nepal: Government,2006-06-16
1436,269,Government of Nepal - CPN-M,Nepal: Government,2006-11-08
1337,269,Government of Nepal - CPN-M,Nepal: Government,2006-11-21
1520,269,Government of Nepal - CPN-M,Nepal: Government,2011-11-01
1521,336,Government of Nicaragua - Contras,Nicaragua: Government,1988-03-23
1522,336,Government of Nicaragua - Contras,Nicaragua: Government,1990-05-30
1037,373,Government of Niger - CRA,Niger: Air and Azawad,1994-10-09
1038,373,Government of Niger - CRA,Niger: Air and Azawad,1995-04-15
1036,430,Government of Niger - FLAA,Niger: Government,1993-06-10
1563,430,Government of Niger - UFRA,Niger: Government,1997-11-23
1557,369,Government of Papua New Guinea - BRA,Papua New Guinea: Bougainville,1990-08-05
1076,369,Government of Papua New Guinea - BRA,Papua New Guinea: Bougainville,1991-01-23
1078,369,Government of Papua New Guinea - BRA,Papua New Guinea: Bougainville,1994-09-03
1558,369,Government of Papua New Guinea - BRA,Papua New Guinea: Bougainville,1998-01-23
1559,369,Government of Papua New Guinea - BRA,Papua New Guinea: Bougainville,1999-06-30
1560,369,Government of Papua New Guinea - BRA,Papua New Guinea: Bougainville,1999-12-15
1561,369,Government of Papua New Guinea - BRA,Papua New Guinea: Bougainville,2000-03-23
1562,369,Government of Papua New Guinea - BRA,Papua New Guinea: Bougainville,2000-06-09
1080,369,Government of Papua New Guinea - BRA,Papua New Guinea: Bougainville,2001-08-30
1058,209,"Government of Philippines - Military faction (forces of Honasan, Abenina & Zumel)",Philippines: Government,1995-10-13
1422,308,Government of Philippines - MNLF,Philippines: Mindanao,1976-12-23
1424,308,Government of Philippines - MNLF,Philippines: Mindanao,1987-01-04
1524,308,Government of Philippines - MNLF,Philippines: Mindanao,1993-04-16
1064,308,Government of Philippines - MNLF,Philippines: Mindanao,1996-09-02
1332,308,Government of Philippines - MILF,Philippines: Mindanao,2001-06-22
1526,308,Government of Philippines - MILF,Philippines: Mindanao,2005-04-20
1527,308,Government of Philippines - MILF,Philippines: Mindanao,2006-02-06
1528,308,Government of Philippines - MILF,Philippines: Mindanao,2006-02-07
1529,308,Government of Philippines - MILF,Philippines: Mindanao,2006-02-07
1530,308,Government of Philippines - MILF,Philippines: Mindanao,2012-04-24
1439,308,Government of Philippines - MILF,Philippines: Mindanao,2012-10-15
1470,308,Government of Philippines - MILF,Philippines: Mindanao,2013-02-27
1471,308,Government of Philippines - MILF,Philippines: Mindanao,2013-07-13
1472,308,Government of Philippines - MILF,Philippines: Mindanao,2013-12-08
1476,308,Government of Philippines - MILF,Philippines: Mindanao,2014-01-25
1478,308,Government of Philippines - MILF,Philippines: Mindanao,2014-01-25
1477,308,Government of Philippines - MILF,Philippines: Mindanao,2014-03-27
1320,374,Government of Rwanda - FPR,Rwanda: Government,1991-03-29
1321,374,Government of Rwanda - FPR,Rwanda: Government,1992-08-18
1523,374,Government of Rwanda - FPR,Rwanda: Government,1992-10-30
1322,374,Government of Rwanda - FPR,Rwanda: Government,1993-01-09
1323,374,Government of Rwanda - FPR,Rwanda: Government,1993-06-09
1324,374,Government of Rwanda - FPR,Rwanda: Government,1993-08-03
1325,374,Government of Rwanda - FPR,Rwanda: Government,1993-08-03
1002,374,Government of Rwanda - FPR,Rwanda: Government,1993-08-04
1284,375,Government of Senegal - MFDC,Senegal: Casamance,2004-12-30
1069,384,Government of Serbia (Yugoslavia) - Republic of Slovenia,Serbia (Yugoslavia): Slovenia,1991-07-12
1011,382,Government of Sierra Leone - RUF,Sierra Leone: Government,1996-11-30
1013,382,Government of Sierra Leone - RUF,Sierra Leone: Government,1999-07-07
1143,382,Government of Sierra Leone - RUF,Sierra Leone: Government,2000-11-10
1050,337,"Government of Somalia - USC/SNA, Government of Somalia - SSDF, Government of Somalia - SPM",Somalia: Government,1993-03-27
1142,337,Government of Somalia - USC/SNA,Somalia: Government,1994-03-24
1060,337,Government of Somalia - USC/SNA,Somalia: Government,1997-12-22
1374,337,Government of Somalia - ARS/UIC,Somalia: Government,2008-08-19
1556,337,Government of Somalia - ARS/UIC,Somalia: Government,2008-10-26
1385,337,Government of Somalia - ARS/UIC,Somalia: Government,2008-11-26
1393,345,Government of South Africa - ANC,South Africa: Government,1990-05-04
1394,345,Government of South Africa - ANC,South Africa: Government,1990-08-06
1395,345,Government of South Africa - ANC,South Africa: Government,1991-12-20
1396,345,Government of South Africa - ANC,South Africa: Government,1992-09-26
1397,345,Government of South Africa - ANC,South Africa: Government,1993-11-18
1389,298,Government of South Africa - SWAPO,South Africa: Namibia,1978-07-12
1444,11348,Government of South Sudan - Government of Sudan,South Sudan - Sudan,2012-09-27
1456,11348,Government of South Sudan - Government of Sudan,South Sudan - Sudan,2012-09-27
1457,11348,Government of South Sudan - Government of Sudan,South Sudan - Sudan,2012-09-27
1531,11348,Government of South Sudan - Government of Sudan,South Sudan - Sudan,2013-03-12
31,11345,Government of South Sudan - SSDM/A,South Sudan: Government,2012-02-27
1480,11345,Government of South Sudan - SSDM/A - Cobra Faction,South Sudan: Government,2014-05-09
1482,11345,Government of South Sudan - SPLM/A - IO,South Sudan: Government,2014-05-09
1484,11345,Government of South Sudan - SPLM/A - IO,South Sudan: Government,2014-10-20
24,11345,Government of South Sudan - SPLM/A - IO,South Sudan: Government,2015-01-21
28,11345,Government of South Sudan - SPLM/A - IO,South Sudan: Government,2015-02-01
29,11345,Government of South Sudan - SPLM/A - IO,South Sudan: Government,2015-08-17
1661,11345,Government of South Sudan - SPLM/A - IO,South Sudan: Government,2018-06-27
1660,11345,Government of South Sudan - SPLM/A - IO,South Sudan: Government,2018-08-05
1625,11345,Government of South Sudan - SPLM/A - IO,South Sudan: Government,2018-09-12
1657,11345,Government of South Sudan - NAS,South Sudan: Government,2020-01-12
1425,320,Government of South Yemen - Government of Yemen (North Yemen),South Yemen - Yemen (North Yemen),1979-03-30
1534,320,Government of South Yemen - Government of Yemen (North Yemen),South Yemen - Yemen (North Yemen),1990-04-22
1404,309,Government of Sudan - SPLM/A,Sudan: Government,1988-11-16
1277,309,Government of Sudan - SPLM/A,Sudan: Government,2002-07-20
1552,309,Government of Sudan - SPLM/A,Sudan: Government,2002-10-15
1553,309,Government of Sudan - SPLM/A,Sudan: Government,2002-11-18
1278,309,Government of Sudan - SPLM/A,Sudan: Government,2003-09-25
1310,309,Government of Sudan - SPLM/A,Sudan: Government,2004-01-07
1279,309,Government of Sudan - SPLM/A,Sudan: Government,2004-05-26
1280,309,Government of Sudan - SPLM/A,Sudan: Government,2004-05-26
1281,309,Government of Sudan - SPLM/A,Sudan: Government,2004-05-26
1545,309,Government of Sudan - SPLM/A,Sudan: Government,2004-06-05
1546,309,Government of Sudan - SPLM/A,Sudan: Government,2004-11-19
1543,309,Government of Sudan - SPLM/A,Sudan: Government,2004-12-31
1547,309,Government of Sudan - SPLM/A,Sudan: Government,2004-12-31
1548,309,Government of Sudan - SPLM/A,Sudan: Government,2004-12-31
1549,309,Government of Sudan - SPLM/A,Sudan: Government,2004-12-31
1282,309,Government of Sudan - SPLM/A,Sudan: Government,2005-01-09
1352,309,Government of Sudan - NDA,Sudan: Government,2005-01-16
1351,309,Government of Sudan - NDA,Sudan: Government,2005-06-18
1554,309,"Government of Sudan - SLM/A, Government of Sudan - JEM",Sudan: Government,2005-07-05
1334,309,Government of Sudan - SLM/A - MM,Sudan: Government,2006-05-05
1430,309,Government of Sudan - JEM,Sudan: Government,2010-02-23
1434,309,Government of Sudan - SPLM/A-North,Sudan: Government,2011-06-28
1483,309,Government of Sudan - SRF,Sudan: Government,2014-09-04
1542,309,"Government of Sudan - SRF, Government of Sudan - SPLM/A-North",Sudan: Government,2016-08-08
1643,309,Government of Sudan - SRF,Sudan: Government,2019-09-11
1662,309,Government of Sudan - SRF,Sudan: Government,2019-10-21
1642,309,Government of Sudan - SRF,Sudan: Government,2019-12-17
1644,309,Government of Sudan - SRF,Sudan: Government,2019-12-28
1648,309,Government of Sudan - SRF,Sudan: Government,2020-01-24
1649,309,Government of Sudan - SRF,Sudan: Government,2020-02-21
1646,309,Government of Sudan - SRF,Sudan: Government,2020-08-31
1652,309,Government of Sudan - SPLM/A-North,Sudan: Government,2020-09-03
1647,309,Government of Sudan - SRF,Sudan: Government,2020-10-03
1663,309,Government of Sudan - SPLM/A-North,Sudan: Government,2021-03-28
1144,395,Government of Tajikistan - UTO,Tajikistan: Government,1995-08-17
1147,395,Government of Tajikistan - UTO,Tajikistan: Government,1996-12-23
1539,395,Government of Tajikistan - UTO,Tajikistan: Government,1996-12-23
1313,395,Government of Tajikistan - UTO,Tajikistan: Government,1997-01-19
1312,395,Government of Tajikistan - UTO,Tajikistan: Government,1997-02-21
1318,395,Government of Tajikistan - UTO,Tajikistan: Government,1997-03-08
1315,395,Government of Tajikistan - UTO,Tajikistan: Government,1997-05-18
1317,395,Government of Tajikistan - UTO,Tajikistan: Government,1997-05-28
1119,395,Government of Tajikistan - UTO,Tajikistan: Government,1997-06-27
1387,314,Government of Uganda - NRA,Uganda: Government,1985-12-17
1388,314,Government of Uganda - UPDA,Uganda: Government,1988-06-03
1145,314,Government of Uganda - UNRF II,Uganda: Government,2002-12-24
1367,314,Government of Uganda - LRA,Uganda: Government,2007-05-02
1368,314,Government of Uganda - LRA,Uganda: Government,2007-06-29
1377,314,Government of Uganda - LRA,Uganda: Government,2008-02-19
1378,314,Government of Uganda - LRA,Uganda: Government,2008-02-22
1379,314,Government of Uganda - LRA,Uganda: Government,2008-02-23
1380,314,Government of Uganda - LRA,Uganda: Government,2008-02-28
1381,314,Government of Uganda - LRA,Uganda: Government,2008-02-29
1536,13246,Government of Ukraine - DPR,Ukraine: Donetsk,2014-09-05
1537,13306,Government of Ukraine - United Armed Forces of Novorossiya,Ukraine: Novorossiya,2015-02-12
1063,315,Government of United Kingdom - PIRA,United Kingdom: Northern Ireland,1998-04-10
1535,230,Government of Yemen (North Yemen) - Ansarallah,Yemen (North Yemen): Government,2014-09-21
1402,318,Government of Zimbabwe (Rhodesia) - ZAPU,Zimbabwe (Rhodesia): Government,1975-12-01
1399,318,Government of Zimbabwe (Rhodesia) - PF,Zimbabwe (Rhodesia): Government,1979-12-21
